{"cameraMode":{"drawMode":0,"name":"Shaded","section":"Shading Mode"},"sceneLighting":false,"audioPlay":false,"sceneViewState":{"m_AlwaysRefresh":false,"showFog":true,"showSkybox":false,"showFlares":true,"showImageEffects":true,"showParticleSystems":true,"showVisualEffectGraphs":true,"m_FxEnabled":true},"in2DMode":false,"pivot":{"x":0.11664570868015289,"y":5.045259952545166,"z":-2.6069185733795168},"rotation":{"x":-0.17390333116054536,"y":0.03985898941755295,"z":-0.007208217401057482,"w":-0.9841788411140442},"size":0.988278865814209,"orthographic":false}