{"cameraMode":{"drawMode":0,"name":"Shaded","section":"Shading Mode"},"sceneLighting":false,"audioPlay":false,"sceneViewState":{"m_AlwaysRefresh":false,"showFog":true,"showSkybox":false,"showFlares":true,"showImageEffects":true,"showParticleSystems":true,"showVisualEffectGraphs":true,"m_FxEnabled":true},"in2DMode":false,"pivot":{"x":-2.601454257965088,"y":1.5678361654281617,"z":0.5637387037277222},"rotation":{"x":0.08399979025125504,"y":0.7539368867874146,"z":-0.09822864085435868,"w":0.6442404389381409},"size":0.8660253882408142,"orthographic":false}