{"cameraMode":{"drawMode":0,"name":"Shaded","section":"Shading Mode"},"sceneLighting":false,"audioPlay":false,"sceneViewState":{"m_AlwaysRefresh":false,"showFog":true,"showSkybox":false,"showFlares":true,"showImageEffects":true,"showParticleSystems":true,"showVisualEffectGraphs":true,"m_FxEnabled":true},"in2DMode":false,"pivot":{"x":-0.798652172088623,"y":0.3042738139629364,"z":0.11802951991558075},"rotation":{"x":-0.045140355825424197,"y":-0.716169536113739,"z":0.04643069952726364,"w":-0.6949955224990845},"size":0.21650634706020356,"orthographic":false}