{"cameraMode":{"drawMode":0,"name":"Shaded","section":"Shading Mode"},"sceneLighting":false,"audioPlay":false,"sceneViewState":{"m_AlwaysRefresh":false,"showFog":true,"showSkybox":false,"showFlares":true,"showImageEffects":true,"showParticleSystems":true,"showVisualEffectGraphs":true,"m_FxEnabled":true},"in2DMode":false,"pivot":{"x":1.609571933746338,"y":2.5257668495178224,"z":-5.18011999130249},"rotation":{"x":0.23964263498783112,"y":0.029698384925723077,"z":-0.007332111708819866,"w":0.9703916907310486},"size":1.405432105064392,"orthographic":false}